{
  "description": "This is a system generated manifest of files expected to be present in this zip. It can be safely deleted.",
  "metadata": {
    "generated_at": "2024-09-02T12:37:45+00:00",
    "trigger": {
      "file_hashid": "unknown",
      "action": "unknown"
    }
  },
  "manifest": [
    {
      "filename": "SampleSubmission.csv",
      "filesize": 244940,
      "description": null,
      "created_at": "2024-09-02 12:37:19 UTC",
      "updated_at": "2024-09-02 12:37:19 UTC"
    },
    {
      "filename": "Train.csv",
      "filesize": 1078899,
      "description": null,
      "created_at": "2024-09-02 12:37:36 UTC",
      "updated_at": "2024-09-02 12:37:36 UTC"
    },
    {
      "filename": "Test.csv",
      "filesize": 466103,
      "description": null,
      "created_at": "2024-09-02 12:37:45 UTC",
      "updated_at": "2024-09-02 12:37:45 UTC"
    }
  ]
}